{"cameraMode":{"drawMode":0,"name":"Shaded","section":"Shading Mode"},"sceneLighting":true,"audioPlay":false,"sceneViewState":{"showFog":false,"showMaterialUpdate":false,"showSkybox":false,"showFlares":false,"showImageEffects":false,"showParticleSystems":false},"in2DMode":false,"pivot":{"x":20.220699310302736,"y":2.1618635654449465,"z":5.383968353271484},"rotation":{"x":-0.010499512776732445,"y":-0.007499517872929573,"z":0.00007874792936490849,"w":-0.9999167919158936},"size":34.38982009887695,"orthographic":true}